Name,Brand,Driver Config,Sound Signature,Nozzle mm,Comfort Score,Gaming Score,Community Score,Ali 11.11 Price (EUR),Ali Choice Price (EUR),Amazon DE Price (EUR),Crinacle Rank,Super Review,Jays Audio,Best For,Notes
Tanchjim Bunny,Tanchjim,1DD,Balanced Warm / Mild V,5.4,9.5,8.0,8.4,14.5,18.0,26.0,Unranked (Measurement DB),Recommended Budget,Solid Budget All-Rounder,"Smartphone DSP / No Jack, Small Ears & Sleep, Casual Everyday","Available in Bunny 3.5mm, Bunny DSP (USB-C), and Bunny G (Gaming edition with 8-band PEQ in app)."
Kefine Klean,Kefine,1DD,Energetic / Transparent (Tunable),5.6,8.8,8.5,8.9,34.0,42.0,59.0,Tracked (Community Hit),High Value Contender,Top Sub-$50 Metal Pick,"High Detail & Resolution, Tunable Sound, Built Like a Tank","Follow-up to the hit Delci, offering interchangeable acoustic nozzles at an even lower price point."
TRN Conch,TRN,1DD,Bright V-Shape / Crisp Harman,5.5,8.2,8.4,8.5,19.0,26.0,34.0,C+ (Bright tilt),Unmatched Accessory Value,Insane Value Package,"Accessory King, Balanced 4.4mm Gear, Bright Detail Hunters",Holds the record for best sub-$35 accessories with 3 modular plugs and 3 tuning nozzle filters.
DUNU Titan X,DUNU,1DD,Warm Punchy / Dynamic Fun,5.6,8.7,8.2,8.8,23.0,28.0,39.0,Unranked (2026 Model),Stellar Build & Fun Sound,Great Dynamic Bass,"Bass Punch & Rock/Pop, Top-Tier Ear Tips Included, Durable All-Metal",DUNU's 2026 entry-level disruptor. Includes DUNU Candy tips which are prized audiophile accessories on their own.
KZ ZAR,KZ,1DD + 7BA Hybrid,U-Curve / Theatrical Bass & Detail,6.0,7.3,8.6,7.9,42.0,55.0,79.0,Unranked,Fun Theatrical V-Shape,Bass Heavy Hybrid Monster,"Bassheads & Theatrical EDM, Cinematic Gaming Explosions, Driver Count Enthusiasts","Packs 8 drivers per ear. If bought during AliExpress sales, it is an astonishing amount of raw acoustic hardware under €45."
Kiwi Ears Cadenza II,Kiwi Ears,1DD,Warm Neutral / Musical Vocal,5.5,9.4,8.3,9.1,35.0,42.0,54.0,Unranked (2026 Model),Superb Vocal All-Rounder,Benchmark Sub-$50 Warm Neutral,"Vocal & Acoustic Lovers, All-Day Fatigue-Free, Ergonomic Resin Fit",Successor to the legendary original Cadenza. KARS 2.0 acoustic tube ensures clean bass separation.
ooopusX Op.22,ooopusX,2DD + 2BA Hybrid,Dual Mode: Neutral Mode / Bass Boost Mode,5.8,7.8,8.7,8.3,23.0,29.0,39.0,Unranked,Innovative Tuning Dial Pick,Fun Hybrid Budget Disrupter,"Tech Tinkerers & Gamers, Two Sound Signatures in One, Punchy Hybrid Fans",Features a hardware physical dial so you can switch between competitive gaming clarity and fun bass without touching software EQ.
Truthear Gate,Truthear,1DD,Neutral with Warm Tilt,5.4,9.5,8.1,8.8,13.9,17.5,24.99,B (Hola Class successor),Top Starter Benchmark,Safe & Clean Under $20,"Absolute Beginner Benchmark, Small Ears & Daily Commute, Great Stock Cable",The safest $20 entry into IEMs. The stock cable alone is worth $15.
7Hz G1 (Salnotes G1),7Hz,1DD,Harman V-Shape / Gaming Focused,5.6,8.7,9.1,8.3,22.5,29.0,39.0,Unranked,Recommended Gaming Set,Great Positional Cues,"Tactical FPS Gaming, Metal Shell Lovers, Crisp Soundstage","Engineered for competitive shooters (CS2, Valorant, Apex, Warzone) with laser-sharp footstep localization."
7Hz Elua Ultra,7Hz,2DD,Harman Target / Warm & Relaxed,5.5,9.1,8.0,8.2,24.5,31.0,42.0,Unranked,Smooth All-Rounder,Harman Dual-DD Performer,"Fatigue-Free Long Sessions, Warm Natural Timbre, Dual-DD Coherence",Great alternative for listeners who want the dual-driver authority of Truthear Zero without the huge nozzle girth.
Tripowin Vivace,Tripowin x 0DiBi,1DD,Crisp / Fast Transient / Analytical,5.3,9.2,9.4,8.6,21.0,27.0,38.0,Unranked,Specialized Gaming Value,Crisp Competitive Weapon,"Esports / Tactical FPS, Crystal Clear Vocals, Supple Tangle-Free Cable","Collaboration with 0DiBi. One of the top-rated IEMs under €40 specifically for Valorant, CS2, and Apex Legends."
Truthear x Crinacle Zero:RED,Truthear x Crinacle,2DD,IEF Neutral with Sub-Bass Boost (+ Tunable Bass),6.2,6.8,8.8,9.2,39.0,48.0,58.0,Excluded (Co-Designed by Crinacle),Class Benchmark Neutral,Clean Reference Baseline,"Audio Purists & Reference, Music Production / Mixing, Bass Boost Flexibility (10Ω)",The $55 benchmark for tonal accuracy. Buy from Amazon.de first if unsure about your ear canal size.
Truthear x Crinacle ZERO:BLUE 2 (Blue2),Truthear x Crinacle,2DD,Refined Harman 2019 / Engaging Bass Slam,5.5,8.9,9.0,9.0,38.0,46.0,59.0,Excluded (Co-Designed by Crinacle),Fixed the Nozzle! Excellent Harman,"Fun, Engaging & Finally Comfortable","Pop, EDM & Hip-Hop, Immersive Gaming, Harman Bass Punch without Pain","The 2025 Blue2 edition solved the infamous fit problem of the original Blue, making it a stellar all-rounder."
Kefine Delci (and Delci AE),Kefine,1DD,Warm Lush / Deep Authoritative Bass,5.4,9.6,8.4,9.3,44.0,54.0,82.0,Measurement DB Favorite,Outstanding Warm Tuning,The Warm DD King,"Bass Texture & Warmth, Supreme Ergonomics & Sleep, Organic Natural Instruments",Delci AE (Angel Ears edition) adds gold/silver tuning nozzles. High Amazon DE markup makes importing on AliExpress highly recommended.
Moondrop May,Moondrop,1DD + 1 Planar Hybrid,Planar Sparkle + DD Slam (Fully DSP Configurable),5.6,8.8,8.6,8.7,49.0,58.0,74.0,Unranked,Versatile Hybrid DSP,Great Hardware + Software Combo,"Smartphone USB-C Users, Planar Treble Lovers, Custom Parametric EQ Tinkerer",No dongle DAC needed. Plug directly into your phone or PC and choose between 5 factory tuning presets or write your own PEQ.
Moondrop Aria 2,Moondrop,1DD,Moondrop VDSF Target / Smooth Warm Harman,5.5,8.6,8.3,8.9,64.0,78.0,99.0,"B (Original Aria was B, Aria 2 refined)",Luxurious Complete Package,Classy Single DD Performer,"Luxury Packaging & Feel, 4.4mm Balanced Users, Sweet Female Vocals",Includes both 3.5mm and 4.4mm modular plugs and spare acoustic filters in the box.
Truthear Hexa,Truthear,1DD + 3BA Hybrid,Strict Neutral / Analytical Reference,5.5,9.0,9.1,9.5,55.0,68.0,85.0,"B+ (Tone: A+, Tech: B)",5 Stars (Benchmark),The Sub-$100 Neutral King,"Audio Mixing & Critical Listening, Acoustic / Classical / Jazz, Tactical Gaming Footsteps",Crinacle Tone Grade A+. Universally acknowledged as the cleanest technical performer under €100.
GK Kunten (Groove Keeper),GK (KZ Sub-Brand),1DD,Balanced V-Shape / Fun & Energetic,5.5,9.2,8.0,8.6,10.5,14.0,22.0,Unranked (Community Secret),Hidden Budget Gem,Crazy $12 Disruptor,"Extreme Budget Value, Gym / Travel Beater, Surprising Sub-Bass",Often misspelled as 'GK Kuten'. Released by KZ's experimental GK division to undercut the sub-$20 market.
7Hz x Crinacle Zero:2,7Hz x Crinacle,1DD,Warm Harman / Balanced Bass Boost,5.4,9.2,8.3,9.3,16.5,21.0,29.0,Excluded (Co-Designed by Crinacle),Best Sub-$25 All-Rounder,The Default Budget Recommendation,"Universal Starter IEM, Forgiving Casual Listening, Pop, Rock, Hip-Hop",Co-tuned with Crinacle to fix the slightly bass-light sound of the original Zero. Universally recommended.
Tangzu Wan'er S.G II (Wan'er 2),Tangzu,1DD,Warm Vocal Forward / Intimate Musical,5.4,9.0,8.0,9.0,13.0,17.0,26.0,Unranked,Incredible Vocal Value,Top Budget Midrange Pick,"Female Vocals & Acoustic, Included Tang Sancai Tips, Smooth Non-Fatiguing",Includes Tang Sancai patented ear tips in the box. Unbeatable for vocal clarity and timbral warmth under €20.
Moondrop Chu II / Chu 3,Moondrop,1DD,Warm Harman / Lively Crisp,5.3,9.7,8.4,9.1,14.5,18.0,27.0,B (Measurement DB benchmark),Default Ultra-Compact Pick,"Great Fit, Great Bass","Side Sleepers & Small Ears, Punchy Metal Shell, Ultra-Compact Daily Carry",Chu II has replaceable screw-off brass nozzles; Chu 3 has fixed brass nozzles with warmer mid-bass body. Both fit easily into tiny ear canals.
